proxid,department
tseifert001,Administration
rpantanal001,Administration
rmieshaber001,Administration
ncelio001,Administration
mbramar001,Administration
llagos001,Administration
lcarrara001,Administration
jholly001,Administration
jfrost001,Administration
gflorez005,Administration
gflorez004,Administration
gflorez003,Administration
gflorez002,Administration
epavone001,Administration
eklinger001,Administration
clais001,Administration
cforluniau001,Administration
aribera001,Administration
yfinney001,Engineering
wreynoso001,Engineering
vomalla001,Engineering
vhatchett001,Engineering
vfrente001,Engineering
tquiroz002,Engineering
tquiroz001,Engineering
thagan001,Engineering
tcarrara001,Engineering
tbattles001,Engineering
sparrino001,Engineering
pbueno001,Engineering
monda001,Engineering
mcassano001,Engineering
malinai001,Engineering
lgrogan001,Engineering
ldedos001,Engineering
lazada001,Engineering
korilla001,Engineering
knielson001,Engineering
jsimonides001,Engineering
iborrasca001,Engineering
gcazar001,Engineering
fmata001,Engineering
fbalas001,Engineering
eorilla001,Engineering
eminto001,Engineering
cwhaley001,Engineering
btempestad001,Engineering
bridenour001,Engineering
bfrente001,Engineering
avico001,Engineering
apinckney001,Engineering
anubarron001,Engineering
acalzas001,Engineering
wvasco001,Executive
ostrum001,Executive
lorosco001,Executive
jsanjorge001,Executive
ibarranco001,Executive
hblue001,Executive
emintz001,Executive
eedward001,Executive
bovan001,Executive
acampo001,Executive
vawelon001,Facilities
tsong001,Facilities
rparade001,Facilities
pyoung002,Facilities
pyoung001,Facilities
nbasham001,Facilities
morlunv002,Facilities
morlunv001,Facilities
lbennett001,Facilities
hmies001,Facilities
fkirchner001,Facilities
edavies001,Facilities
earpa001,Facilities
dscozzese001,Facilities
dcoginian001,Facilities
cstaley001,Facilities
cshipp001,Facilities
cmorluniau001,Facilities
ckinney001,Facilities
chawelon001,Facilities
bmullen001,Facilities
bhawelon001,Facilities
amorlun001,Facilities
ahafon001,Facilities
agerard001,Facilities
pratigan001,HR
pbeebe001,HR
fadair001,HR
zcoronado001,Information Technology
ssinagra001,Information Technology
slowery001,Information Technology
sflorez001,Information Technology
sflecha001,Information Technology
sbagni001,Information Technology
rfaralso001,Information Technology
ncalixto001,Information Technology
lbergen001,Information Technology
lbagani001,Information Technology
lalcazar002,Information Technology
lalcazar001,Information Technology
junger002,Information Technology
junger001,Information Technology
iovan001,Information Technology
ibaza001,Information Technology
iarlotti001,Information Technology
ebello001,Information Technology
cwhelan001,Information Technology
csolos001,Information Technology
vlagos001,Security
slea001,Security
sfusil001,Security
mvollan001,Security
mshultz001,Security
kherrero001,Security
jnespola001,Security
jcastellanos001,Security
hcocinaro001,Security
fresumir001,Security
anardi001,Security
